Date,OpenTV,PayTV,Radio,Print,Facebook,Google,Email,Sales,OpenTV_sat,PayTV_sat,Radio_sat,Print_sat,Facebook_sat,Google_sat,Email_sat
2018-01-07,13637.75157,0.0,0.0,0.0,3996.635926,8049.170727,0.0,97798.0,0.9325518729416511,0.0,0.0,0.0,0.9397914501594338,0.9424971958593601,0.0
2018-01-14,0.0,0.0,8665.516222,3097.077969,3710.391593,6375.41784,3532.606981,132451.9,0.0,0.0,0.9137784353647281,0.7461943018585601,0.9424050408814152,0.9324323978214321,0.6593347576356479
2018-01-21,0.0,0.0,7874.545357,3145.181754,0.0,6104.066477,3648.381829,120226.6,0.0,0.0,0.9059324639714575,0.7491021781744035,0.6623902602993736,0.9291694084058256,0.6665403251168529
2018-01-28,0.0,0.0,0.0,0.0,0.0,0.0,1597.715205,88469.5,0.0,0.0,0.0,0.0,0.1724241127192197,0.39484993681136854,0.4667664642556136
2018-02-04,0.0,0.0,0.0,2091.328917,0.0,0.0,1045.664458,97970.7,0.0,0.0,0.0,0.6650225316265891,0.0,0.030013765824872855,0.36422972616917654
2018-02-11,12914.28609,0.0,8099.648422,2781.233263,4159.035281,8005.460683,3479.813998,135276.5,0.9290415067567486,0.0,0.9083070488247696,0.7252893647908022,0.9420060923750506,0.9422013757641686,0.655944636770956
2018-02-18,0.0,10299.58135,0.0,1425.55263,0.0,0.0,834.3523032,96354.3,0.0,0.9584901897506445,0.0,0.5750578227609099,0.6607499320972141,0.4485325678238054,0.31371575045382977
2018-02-25,14560.64836,0.0,8222.221482,2614.337922,5505.51609,8996.380998,3546.448674,153551.1,0.9365557057144505,0.6814784963053547,0.9095503276658908,0.7127891056313876,0.9560158015760589,0.9483466624397489,0.6602125810386396
2018-03-04,0.0,11595.63946,0.0,3135.248236,3676.22357,0.0,3329.404332,121993.7,0.0,0.9632279534934471,0.0,0.7485071685290443,0.9442455746569274,0.47753937647303907,0.6459052689526613
2018-03-11,0.0,0.0,7436.762482,2232.781716,0.0,6001.148146,3236.708503,113682.3,0.0,0.7066358042885948,0.9009434792638028,0.6794414577694883,0.67004612101302,0.924617564752971,0.6394209712691158
2018-03-18,0.0,0.0,7138.180995,0.0,0.0,0.0,1654.49507,86404.4,0.0,0.1824621795968394,0.8972259003804415,0.0,0.17110799099995336,0.37876944644633265,0.47546742279555093
2018-03-25,0.0,0.0,0.0,0.0,0.0,0.0,0.0,49602.6,0.0,0.0,0.0,0.0,0.0,0.029522655153196187,0.0
2018-04-01,13700.77859,0.0,8793.06718,0.0,4443.067528,8934.868867,3151.505201,127264.6,0.9328413133696645,0.0,0.9149227452709489,0.0,0.9455114627048674,0.9479003737713559,0.633247740514608
2018-04-08,13427.87799,13193.2333,0.0,0.0,0.0,7424.44265,0.0,114217.1,0.9315698182197679,0.9672967339678715,0.0,0.0,0.6753974519994592,0.9412666373820103,0.0
2018-04-15,0.0,11443.57471,0.0,1821.595117,3504.210828,0.0,1295.36348,108753.1,0.0,0.965981780481701,0.0,0.6335949598323293,0.9330443143864965,0.44432260570505644,0.41510187808486027
2018-04-22,14152.58026,0.0,0.0,0.0,4140.038678,8408.845651,1544.362309,130480.8,0.9348455743713968,0.7245997414031038,0.0,0.0,0.946836852491751,0.9449354211240103,0.45832343444590967
2018-04-29,0.0,12774.76664,0.0,0.0,3602.449679,0.0,1422.876833,107758.6,0.0,0.9665104726452067,0.0,0.0,0.9418773200335758,0.46072080865099224,0.43806367249043116
2018-05-06,13823.00898,0.0,8301.612581,2125.079769,0.0,10383.94204,3401.831369,150136.2,0.9333956129592522,0.726302543003048,0.9103377702767144,0.668579484785268,0.6574759535725093,0.9549292859642803,0.6508116664589653
2018-05-13,14869.70421,12103.71445,0.0,2236.994923,0.0,8344.402337,1118.497461,141583.2,0.9377923189237384,0.9647654914248963,0.0,0.6798519164826222,0.16825196042341983,0.9474972680984562,0.3799598121571531
2018-05-20,15191.76484,14879.30689,7729.403948,2571.660781,5029.572236,8448.904232,3585.492435,159181.4,0.9390306968748807,0.972879353326506,0.9043350610758579,0.7094078458970092,0.9515576375463191,0.9476572638290536,0.6626644870961699
2018-05-27,0.0,12087.60028,0.0,2789.041931,0.0,0.0,1394.527806,111287.5,0.0,0.9681762422625303,0.0,0.7258476329425784,0.7019685837708222,0.4738769485126503,0.43311598454840905
2018-06-03,12989.40303,0.0,0.0,2329.948052,3934.675968,8246.825876,856.4664813,121703.6,0.9294228942497763,0.7366558810191316,0.0,0.6886475205199053,0.9399376851721362,0.943932889778173,0.31937508671298676
2018-06-10,0.0,11127.99785,0.0,1898.59873,3712.523771,0.0,1088.075352,101347.0,0.0,0.9618037438734984,0.0,0.6431526605283603,0.9423363311632474,0.45589071435697665,0.3734850560457159
2018-06-17,14366.12193,0.0,7248.928504,0.0,3973.921973,7911.972314,1829.235299,110935.5,0.9357518236825368,0.6980302770652834,0.8986369038463503,0.0,0.945886702653502,0.9417007685054285,0.5005482429773801
2018-06-24,0.0,10499.87566,0.0,0.0,3291.352352,0.0,0.0,81706.3,0.0,0.9596023511173287,0.0,0.0,0.9372012985257231,0.44562877305780724,0.0
2018-07-01,0.0,0.0,0.0,0.0,0.0,0.0,0.0,65427.1,0.0,0.6856445246967152,0.0,0.0,0.6382693830310173,0.03856047671458598,0.0
2018-07-08,0.0,0.0,7300.219073,2870.512659,0.0,6134.926946,3771.823703,113258.0,0.0,0.16811863461458354,0.8992773389688012,0.7315397267178105,0.15598867708129216,0.9258847415298936,0.6738947123292466
2018-07-15,0.0,0.0,0.0,2154.626848,0.0,0.0,1077.3185,77932.4,0.0,0.0,0.0,0.6716319676408734,0.0,0.38397095214152294,0.37116318868152476
2018-07-22,16561.6822,0.0,8780.377997,3527.997371,4730.113733,9135.531258,4288.783334,150109.4,0.9437903652311161,0.0,0.9148102679545032,0.7700667827311514,0.9486482899701445,0.9490671694018971,0.70146797865158
2018-07-29,0.0,12058.54301,0.0,0.0,0.0,0.0,2140.949806,106343.1,0.0,0.9643291778772474,0.0,0.0,0.6889690779440413,0.48137011849827566,0.5398017401112901
2018-08-05,0.0,0.0,7438.658676,1486.586917,0.0,5953.183042,3044.839046,117513.9,0.0,0.7146843432544268,0.900966229175691,0.5852688352413021,0.20986625681297816,0.9240624996524369,0.625214986318155
2018-08-12,0.0,0.0,7107.988618,0.0,0.0,0.0,2918.726755,91512.0,0.0,0.18837404574853683,0.8968343870852005,0.0,0.0,0.37688303877184615,0.6152517811767276
2018-08-19,0.0,0.0,0.0,1447.816996,0.0,0.0,1151.556962,91414.6,0.0,0.0,0.0,0.5788403783533385,0.0,0.02929360301631395,0.38684583781253834
2018-08-26,0.0,0.0,7238.167542,0.0,0.0,0.0,1683.584195,73999.2,0.0,0.0,0.8985015030739181,0.0,0.0,0.0,0.4798159578131309
2018-09-02,13634.69569,0.0,0.0,0.0,3841.604784,7444.677464,1808.027464,108931.6,0.9325377759262362,0.0,0.0,0.0,0.9375135118136229,0.9381170192991141,0.49763287138165757
2018-09-09,0.0,11940.31404,7900.823677,2535.857413,3611.570088,0.0,2798.135449,115504.7,0.0,0.9639886966142881,0.90621599246978,0.706509162819755,0.9408426848517705,0.43064353252107357,0.6052163841368826
2018-09-16,0.0,0.0,0.0,1540.216427,0.0,0.0,945.080627,86720.9,0.0,0.7126709767747298,0.0,0.5938443736313059,0.6560046791973604,0.03636584923407853,0.34114630368665916
2018-09-23,0.0,0.0,0.0,1518.529147,0.0,0.0,2580.622435,94272.2,0.0,0.1868722567667289,0.0,0.5904195739443275,0.1686061072500042,0.0,0.5857262605097789
2018-09-30,0.0,0.0,0.0,1756.431636,0.0,0.0,878.2207821,80369.1,0.0,0.0,0.0,0.6250976330793037,0.0,0.0,0.3248519864153687
2018-10-07,13548.51383,0.0,0.0,2441.123658,3878.351961,7454.641232,1220.561829,112405.8,0.9321377713451334,0.0,0.0,0.6985529054609427,0.938068901254236,0.9381946191740824,0.4007373472658557
2018-10-14,12765.66956,12667.96935,0.0,2232.185503,4421.91277,7563.803134,1116.097403,123868.3,0.9282746673861434,0.9659868496798929,0.0,0.6793832885318051,0.950214321169008,0.9417232018136328,0.37945387279569043
2018-10-21,12612.11377,11125.60096,0.0,1919.933745,0.0,7593.533831,1427.951122,125138.4,0.9274647358792389,0.9650031906398124,0.0,0.6457131843927736,0.6959158689873435,0.9420924571043332,0.43894017729263146
2018-10-28,12582.42731,12493.93642,7719.560812,0.0,0.0,7454.298299,3467.469246,122350.8,0.9273060397741884,0.9683194864015696,0.9042247624536202,0.0,0.1989119403519851,0.941138235799342,0.6551421578551034
2018-11-04,16032.97044,0.0,0.0,0.0,4135.94682,8392.791179,0.0,118957.8,0.9420441932356103,0.7374963745768119,0.0,0.0,0.9417012217749394,0.9470507443992517,0.0
2018-11-11,0.0,14524.74395,0.0,0.0,0.0,0.0,0.0,100474.1,0.0,0.9704173361306068,0.0,0.0,0.6595009523114486,0.4710346381452961,0.0
2018-11-18,0.0,0.0,0.0,1485.39244,0.0,0.0,900.0352099,97053.9,0.0,0.7510696280257724,0.0,0.5850737098273014,0.18847271838879207,0.04080820902103699,0.3302562227087338
2018-11-25,0.0,0.0,7475.655216,0.0,0.0,0.0,2055.962011,88471.9,0.0,0.21848282945047034,0.9014080198864163,0.0,0.0,0.0,0.5297246161025613
2018-12-02,0.0,0.0,7132.667732,1425.748773,0.0,5859.443701,2418.190998,103790.7,0.0,0.0,0.897154630225912,0.5750914426712671,0.0,0.922669654974189,0.569868511090202
2018-12-09,0.0,0.0,8383.112139,3202.437423,3350.036795,6052.552099,3442.324316,113124.8,0.0,0.0,0.9111319902555254,0.7524776019855638,0.9289955873334979,0.928161283331269,0.6534959614055753
2018-12-16,0.0,0.0,0.0,971.8465568,0.0,0.0,681.6731111,82262.3,0.0,0.0,0.0,0.47986104903080773,0.6107167732474371,0.39196173661912714,0.27191860311133176
2018-12-23,13153.25867,0.0,8818.084207,2381.192298,4500.84969,8419.249802,4317.896567,139661.1,0.9302407698421411,0.0,0.9151436292330792,0.6932928840867704,0.9467128962104853,0.9449785389433288,0.7028827687756894
2018-12-30,0.0,12272.26343,8904.759156,2554.74664,3838.158361,6496.131439,5216.641673,134603.2,0.0,0.9649285956914996,0.9159001206182357,0.7080456259401382,0.944744511396868,0.9337019504463273,0.7408034718146497
2019-01-06,14554.65399,0.0,8583.415451,0.0,4444.632003,9159.424721,3969.809354,157426.1,0.9365312344450656,0.7182531620776393,0.9130254511264657,0.0,0.9510013846137688,0.9508694467899037,0.6850359977352994
2019-01-13,0.0,10813.12683,0.0,0.0,3392.028005,0.0,1323.134047,104409.8,0.0,0.9607507894728781,0.0,0.0,0.9395572273250712,0.49070920210500707,0.4202610532522082
2019-01-20,0.0,0.0,0.0,0.0,0.0,0.0,838.2081473,85354.9,0.0,0.6919458886917316,0.0,0.0,0.6476474038966394,0.044370410851705254,0.3147092808779196
2019-01-27,0.0,0.0,0.0,0.0,0.0,0.0,1002.511655,78015.8,0.0,0.1722702105438506,0.0,0.0,0.15999664441623676,0.0,0.3545275362630055
2019-02-03,0.0,0.0,0.0,0.0,0.0,0.0,2302.988397,95700.1,0.0,0.0,0.0,0.0,0.0,0.0,0.5578652005183892
2019-02-10,0.0,0.0,0.0,0.0,0.0,0.0,735.7433044,78547.8,0.0,0.0,0.0,0.0,0.0,0.0,0.28729069972494137
2019-02-17,0.0,0.0,0.0,1826.592931,0.0,0.0,913.3012405,80675.5,0.0,0.0,0.0,0.6342307987170017,0.0,0.0,0.33350060679733046
2019-02-24,0.0,0.0,0.0,1352.708217,0.0,0.0,809.77397,78482.6,0.0,0.0,0.0,0.5621928961773165,0.0,0.0,0.30731434291480497
2019-03-03,13047.25383,0.0,7828.362828,2598.942187,4161.510848,7901.82817,4906.943146,140127.1,0.9297138342236947,0.0,0.9054300040617492,0.7115784308581349,0.9420385917284728,0.9414877005729053,0.728879713715448
2019-03-10,14940.67635,12046.58877,10044.0824,4551.527451,5424.518582,8387.246876,4591.72879,161274.5,0.9380695211286794,0.9642950443680744,0.9247216336846611,0.8120553231007338,0.9585653618146036,0.9470386462157993,0.7155617179490514
2019-03-17,0.0,12134.00375,0.0,2570.713804,3536.959388,0.0,1285.362897,116369.7,0.0,0.9674327564099323,0.0,0.7093319149028262,0.9431419074065419,0.4715113599588664,0.41322142450741073
2019-03-24,0.0,0.0,0.0,1864.977557,0.0,0.0,932.4887785,81936.5,0.0,0.7335060114923196,0.0,0.6390416284603497,0.6622717983650159,0.04078235040751292,0.33813795079952047
2019-03-31,0.0,0.0,7934.598624,0.0,0.0,0.0,2514.905418,94516.1,0.0,0.18932967967959274,0.9065779050092454,0.0,0.16570007403533227,0.0,0.5794534503656525
2019-04-07,0.0,0.0,7755.598288,3078.758659,0.0,5899.359067,3012.852028,114540.2,0.0,0.0,0.9046273515537643,0.745069097554619,0.0,0.9231526679104528,0.6227370912984715
2019-04-14,0.0,0.0,0.0,0.0,0.0,0.0,0.0,55268.4,0.0,0.0,0.0,0.0,0.0,0.3747525214277982,0.0
2019-04-21,0.0,0.0,0.0,1514.501367,0.0,0.0,757.2506835,76775.2,0.0,0.0,0.0,0.5897771478016032,0.0,0.02903644370534529,0.2932262793041771
2019-04-28,0.0,0.0,0.0,1913.866007,0.0,0.0,590.8604468,80849.8,0.0,0.0,0.0,0.6449887110743137,0.0,0.0,0.24455246705663405
2019-05-05,0.0,0.0,0.0,926.9789257,0.0,0.0,1052.204085,74565.6,0.0,0.0,0.0,0.4680768566023726,0.0,0.0,0.365674660399367
2019-05-12,0.0,0.0,0.0,0.0,0.0,0.0,0.0,53651.8,0.0,0.0,0.0,0.0,0.0,0.0,0.0
2019-05-19,0.0,0.0,0.0,1081.880558,0.0,0.0,1063.966361,81341.6,0.0,0.0,0.0,0.5066642868681324,0.0,0.0,0.3682570789525037
2019-05-26,0.0,0.0,8243.262274,2096.376366,0.0,5927.910909,2943.766987,100655.3,0.0,0.0,0.9097603652312309,0.6655593224112519,0.0,0.9234944864114188,0.6172719519297665
2019-06-02,12212.84443,0.0,0.0,1571.246382,3741.403015,6769.248234,785.627917,108789.4,0.9252705819692494,0.0,0.0,0.5986461231689362,0.9359471994949679,0.9350076606194603,0.3009081590273084
2019-06-09,0.0,11494.89694,0.0,2511.898411,3464.168073,0.0,2540.591709,115246.3,0.0,0.9626454152449396,0.0,0.7045368992929721,0.9385805007674589,0.4178586116337456,0.5819277349676849
2019-06-16,0.0,0.0,0.0,0.0,0.0,0.0,0.0,65638.5,0.0,0.7048236494437121,0.0,0.0,0.6469376930858025,0.033175963419595327,0.0
2019-06-23,12771.64078,0.0,8094.503776,2347.668539,4295.957973,7760.083157,3793.020033,141655.7,0.9283057974499648,0.18116414036488468,0.9082541180083024,0.6902697415901405,0.9443593358476551,0.940482531051464,0.6751250309209725
2019-06-30,13537.72705,13562.95617,8105.16348,2695.618007,5132.313421,8684.473463,4748.733985,156245.6,0.932087371313422,0.9681598320365676,0.908363722847191,0.7190159098340704,0.9566276162363015,0.9486456084972031,0.722354925222091
2019-07-07,0.0,10997.34848,0.0,1957.040866,0.0,0.0,1072.839017,113050.4,0.0,0.9648782887299224,0.0,0.6500801448409551,0.7256285608672206,0.4796186236650739,0.37019120854270837
2019-07-14,0.0,0.0,0.0,2154.814597,0.0,0.0,1077.412415,82455.7,0.0,0.7179524456680978,0.0,0.6716511840563041,0.22371887265127394,0.042166651092222916,0.37118353470996435
2019-07-21,0.0,0.0,0.0,1353.941405,0.0,0.0,959.6912981,76766.4,0.0,0.17469244054219601,0.0,0.5624171659754497,0.0,0.0,0.3446028827938955
2019-07-28,0.0,0.0,0.0,0.0,0.0,0.0,0.0,50235.3,0.0,0.0,0.0,0.0,0.0,0.0,0.0
2019-08-04,0.0,0.0,0.0,1560.451343,0.0,0.0,780.2293876,80588.5,0.0,0.0,0.0,0.5969885700197305,0.0,0.0,0.2994596350406768
2019-08-11,0.0,0.0,0.0,1812.350063,0.0,0.0,2168.922572,99024.4,0.0,0.0,0.0,0.6324129269919914,0.0,0.0,0.5430247076135659
2019-08-18,0.0,0.0,0.0,2189.399784,0.0,0.0,1094.705062,80580.5,0.0,0.0,0.0,0.6751530761731672,0.0,0.0,0.37490755853881913
2019-08-25,0.0,0.0,0.0,1121.921064,0.0,0.0,597.9905969,74983.6,0.0,0.0,0.0,0.5157448910487032,0.0,0.0,0.24677531801850108
2019-09-01,14136.19144,0.0,7127.626067,0.0,4252.459699,8225.767102,3259.056377,122168.0,0.9347749643634551,0.0,0.8970893698558617,0.0,0.9432078308472761,0.9436621556556576,0.6410058893691637
2019-09-08,0.0,13820.01318,7649.752382,0.0,3806.761894,0.0,4019.682347,110428.0,0.0,0.9687335529572615,0.9034351559484591,0.0,0.9440052245997502,0.45525655410298693,0.6877234977869074
2019-09-15,0.0,0.0,7748.900553,0.0,0.0,0.0,3122.828446,107139.2,0.0,0.7416551834863344,0.9045527847322946,0.0,0.6690380420794482,0.04002859705975346,0.631122206112445
2019-09-22,0.0,0.0,0.0,1345.098888,0.0,0.0,938.5527629,91300.6,0.0,0.2101094849546191,0.0,0.5608039480878593,0.17611379270433486,0.0,0.3395901357411148
2019-09-29,0.0,0.0,7409.997429,0.0,0.0,0.0,1990.307642,73258.2,0.0,0.0,0.9006212423375073,0.0,0.0,0.0,0.5216325329422475
2019-10-06,15737.44978,0.0,7912.515954,3273.723949,5071.363755,9341.060269,3410.904343,152923.6,0.9410200768005078,0.0,0.9063415969690077,0.7565553520859104,0.9519376494604418,0.9500527435036578,0.6514167268974674
2019-10-13,0.0,12745.98958,0.0,1721.560388,3570.814838,0.0,1479.024515,115719.2,0.0,0.9661880099311142,0.0,0.6203864959302249,0.9422659677943762,0.48692657568141967,0.447612403972552
2019-10-20,0.0,0.0,7539.872667,0.0,0.0,0.0,2342.772263,104643.0,0.0,0.7258540115461806,0.9021655796396024,0.0,0.6618176773056285,0.045210516158349465,0.5620854091391778
2019-10-27,0.0,0.0,0.0,0.0,0.0,0.0,1190.608003,92293.1,0.0,0.19699751594456993,0.0,0.0,0.16702123322835968,0.0,0.3947853631940649
2019-11-03,0.0,0.0,6980.957551,0.0,0.0,5997.0382,3220.268719,99647.6,0.0,0.0,0.8951539291965438,0.0,0.0,0.9243096089945051,0.6382460936691629
2019-11-10,0.0,0.0,0.0,0.0,0.0,0.0,1010.904894,80185.6,0.0,0.0,0.0,0.0,0.0,0.37860825492783784,0.3564377444292513
2019-11-17,0.0,0.0,0.0,1231.09119,0.0,0.0,615.5489413,72788.5,0.0,0.0,0.0,0.5388860296944616,0.0,0.029503032787557303,0.25219382919049205
2019-11-24,0.0,0.0,0.0,1721.097524,0.0,0.0,860.552507,84674.4,0.0,0.0,0.0,0.6203231662087557,0.0,0.0,0.32041055876337926
2019-12-01,0.0,0.0,0.0,1454.965795,0.0,0.0,789.7719727,76200.8,0.0,0.0,0.0,0.5800406663761467,0.0,0.0,0.3020160272118817
2019-12-08,0.0,0.0,6715.183225,0.0,0.0,0.0,1079.293057,73539.9,0.0,0.0,0.891454739384905,0.0,0.0,0.0,0.37159068567827525
2019-12-15,12354.18923,0.0,8273.950595,1758.203902,4359.988375,7705.612541,3198.480935,129474.8,0.9260623490005173,0.0,0.9100649652526049,0.6253339472985578,0.944530781178603,0.9400870118014919,0.6366771700488365
2019-12-22,0.0,10432.86188,0.0,2730.340502,0.0,0.0,1365.176472,102507.8,0.0,0.9589987378516898,0.0,0.7215944209583742,0.671245616707973,0.43910961513023883,0.42790072077300617
2019-12-29,15705.92872,0.0,0.0,2782.168607,4056.748142,8052.044172,1820.419667,130965.7,0.9409087015024883,0.684262853668547,0.0,0.725356355536577,0.9414812198756651,0.9426453185143979,0.49934050624175097
2020-01-05,0.0,12628.12278,0.0,2767.197714,3671.959616,0.0,1383.598857,108433.0,0.0,0.966115324351075,0.0,0.7242801786269262,0.941997662145641,0.44996814817832104,0.43118523342852944
2020-01-12,0.0,0.0,0.0,1341.642463,0.0,0.0,684.0655473,97023.2,0.0,0.7240014441143824,0.0,0.560170124040368,0.660715342816505,0.03921637141091331,0.2726127778251417
2020-01-19,12393.95412,0.0,0.0,2333.332505,3706.02476,7772.543576,1166.666252,115097.2,0.9262820837860453,0.19553201044829271,0.0,0.6889586615959737,0.9362250583201224,0.9405722751930745,0.3899423120042685
2020-01-26,0.0,12203.88358,8316.925461,0.0,0.0,6017.355381,2550.619968,108629.1,0.0,0.9647390154438943,0.9104880768132421,0.0,0.6344405383789571,0.9287889681846679,0.5828858433763254
2020-02-02,17785.02351,0.0,0.0,2895.860027,4241.375012,8729.787645,1447.937655,148943.0,0.9474535759420866,0.7171210703382782,0.0,0.7332627651485414,0.9437344770477473,0.9485256345840629,0.4423661083489363
2020-02-09,0.0,13818.3096,0.0,2268.064338,0.0,0.0,2481.622236,120711.6,0.0,0.968957827243057,0.0,0.6828466057591517,0.6651304914726925,0.4784705444358994,0.5762034820981256
2020-02-16,16794.3505,0.0,8503.695433,2458.413485,5059.715849,9550.96102,5550.870019,165922.5,0.9445258922573174,0.7416315626336777,0.9122816089569011,0.7000370213985477,0.9523786393355967,0.9512023530560869,0.7525482756346833
2020-02-23,0.0,15858.07208,0.0,1994.991758,3968.048722,0.0,880.4927508,124412.4,0.0,0.9728395701271633,0.0,0.6544364364064302,0.9469967179175026,0.4924796660825967,0.32541890191220346
2020-03-01,0.0,0.0,7665.077812,1958.606914,0.0,6090.961008,2766.388393,122798.0,0.0,0.7671253891793681,0.9036096159966928,0.6502620792314929,0.6817673960008046,0.9256582193577392,0.6024867970247976
2020-03-08,0.0,0.0,0.0,0.0,0.0,0.0,0.0,67900.8,0.0,0.23384881240893549,0.0,0.0,0.18221583556828097,0.38227113103931376,0.0
2020-03-15,12883.28206,0.0,7304.978619,0.0,3927.233823,7529.472315,2805.070604,119092.2,0.9288828871093251,0.0,0.8993363585226193,0.0,0.9387925693222176,0.938886792132474,0.6058076819483189
2020-03-22,0.0,14054.04239,8937.281785,3348.173371,4080.522125,6155.984402,3390.612446,134963.3,0.0,0.9692381885256629,0.9161805068048424,0.7606730230307929,0.9467396158614488,0.9300716972583327,0.6500605858050411
2020-03-29,0.0,0.0,8636.434059,3143.480519,0.0,5967.224547,2499.045277,122973.3,0.0,0.744859555671508,0.9135132051651873,0.749000475465641,0.6806575937454498,0.9276128936822013,0.5779110114885044
2020-04-05,0.0,0.0,0.0,0.0,0.0,0.0,0.0,63780.2,0.0,0.2129099598537331,0.0,0.0,0.18641787722338873,0.38930081538263234,0.0
2020-04-12,15692.36022,0.0,9273.745816,2037.212843,4263.099627,9270.591896,4461.708696,144472.2,0.9408606294794263,0.0,0.9189751879949142,0.6591571745572524,0.9433415429209417,0.9497686200443052,0.7096792520362407
2020-04-19,15396.42785,14535.75093,0.0,2484.199484,5577.108103,8187.659973,1908.389017,141996.3,0.9397923592922627,0.9702272704305743,0.0,0.7022234761599172,0.959641474449905,0.9462779770592451,0.5111367583241098
2020-04-26,0.0,11964.92964,0.0,0.0,0.0,0.0,0.0,88186.0,0.0,0.9675784878265876,0.0,0.0,0.7403370789348368,0.4677592458861555,0.0
2020-05-03,0.0,0.0,8243.702704,1476.882597,0.0,6150.456161,2632.056111,117351.0,0.0,0.7344111450272978,0.9097647513562587,0.58367824134645,0.23848369563147706,0.926284265463162,0.5905066648225913
2020-05-10,13136.69147,0.0,0.0,0.0,3714.382926,7839.337274,0.0,108044.6,0.9301589380697192,0.18718539133058978,0.0,0.0,0.9355112991017639,0.9431432203278618,0.0
2020-05-17,0.0,11284.96447,0.0,1585.892989,0.0,0.0,792.9503325,100088.4,0.0,0.9619769359008558,0.0,0.6008733968658893,0.6349628511735579,0.4528473190168656,0.3028633507027331
2020-05-24,13109.00641,0.0,0.0,2071.882615,3989.98853,8025.245275,1035.941307,130389.4,0.9300217615948835,0.7009745138823614,0.0,0.6629382301304346,0.9404462285814219,0.942467486288708,0.3620691794796069
2020-05-31,0.0,11863.06111,7490.513908,3553.770006,3793.41635,6152.318871,3841.391404,129975.7,0.0,0.9640456810938336,0.9015843461145285,0.7713530298396034,0.9434509798837932,0.9302808774069827,0.6778982270537582
2020-06-07,14314.89219,0.0,0.0,3539.383101,0.0,8194.747392,1769.699305,131316.8,0.9355367161040012,0.7113399864109594,0.0,0.7706367957375462,0.6667230035088545,0.945511929446761,0.4922767669848712
2020-06-14,15168.16422,12387.54832,9391.425027,0.0,5674.41,9315.044909,3072.271392,147039.0,0.9389416250779229,0.9655172984843172,0.9199091543354341,0.0,0.9572183828827812,0.9519967132080807,0.6273142681889511
2020-06-21,16021.87724,14834.85764,10469.13915,3645.978231,0.0,9579.184457,5412.180059,176683.4,0.9420063930224346,0.9728493908664602,0.9275565911439202,0.7758393768196644,0.7265764006034579,0.9534752715897051,0.7478063751671835
2020-06-28,0.0,14473.83948,0.0,1761.050479,3747.945337,0.0,1357.023569,132674.3,0.0,0.972803189799988,0.0,0.6257128874077752,0.9373288463375319,0.5050610678846267,0.42643500711395216
2020-07-05,0.0,0.0,0.0,0.0,0.0,0.0,0.0,81065.6,0.0,0.7670162374279074,0.0,0.0,0.6370452660596858,0.04630965913015686,0.0
2020-07-12,0.0,0.0,7475.067101,1421.780827,0.0,5970.575767,3114.418988,111824.4,0.0,0.2178839547840059,0.9014010277998133,0.5744102800922997,0.17386583654639823,0.9239996343963743,0.6304942134285026
2020-07-19,0.0,0.0,9729.70782,1712.609546,0.0,6254.152304,4248.714318,108866.7,0.0,0.0,0.9224778872624105,0.6191580707155142,0.0,0.9302741249599524,0.6994986013907167
2020-07-26,0.0,0.0,7911.748222,1663.233815,0.0,6214.114461,4088.58371,111609.1,0.0,0.0,0.9063333599152804,0.6122361919584345,0.0,0.9301647992327705,0.6913618070280146
2020-08-02,0.0,0.0,0.0,1804.142157,0.0,0.0,902.0759973,71603.1,0.0,0.0,0.0,0.6313570899087503,0.0,0.3986946954679404,0.33075737862955407
2020-08-09,15624.41527,0.0,7510.208381,3816.215997,0.0,8780.34302,3068.817937,144521.3,0.9406187251017004,0.0,0.9018170882525528,0.7836758153902142,0.0,0.9471202657693713,0.6270512846861902
2020-08-16,0.0,11966.32946,9014.765424,0.0,4176.319216,0.0,3595.072219,111898.7,0.0,0.9640641736213174,0.9168410400098472,0.0,0.9422322385622398,0.4714785186567955,0.663260690457758
2020-08-23,13876.81188,0.0,0.0,1754.620378,4710.912699,8319.410358,3927.086051,150129.2,0.93363671269855,0.7131164379204852,0.0,0.6248558114497457,0.9531710907244559,0.9443988879588253,0.6826967127374687
2020-08-30,0.0,10145.59881,0.0,0.0,0.0,0.0,0.0,86062.7,0.0,0.9582912703485342,0.0,0.0,0.7093558953878859,0.4580652408865699,0.0
2020-09-06,0.0,0.0,0.0,0.0,0.0,0.0,0.0,59912.7,0.0,0.6781998825108475,0.0,0.0,0.20919255704456396,0.04046584815156079,0.0
2020-09-13,0.0,0.0,0.0,1365.837494,0.0,0.0,682.9187471,82390.6,0.0,0.16337286755508926,0.0,0.5645688692362243,0.0,0.0,0.2722801945199651
2020-09-20,0.0,0.0,0.0,0.0,0.0,0.0,0.0,55619.5,0.0,0.0,0.0,0.0,0.0,0.0,0.0
2020-09-27,0.0,0.0,7106.572773,2723.619883,0.0,5870.165393,2712.777492,97972.6,0.0,0.0,0.8968159541798894,0.7210990441926624,0.0,0.9227999928142848,0.5977906722793901
2020-10-04,15898.7683,0.0,9061.042594,2082.819395,0.0,8900.024276,4296.997882,146738.1,0.9415835636957292,0.0,0.9172306016679176,0.6641136411576539,0.0,0.949288627450636,0.7018685364835864
2020-10-11,0.0,11957.77199,0.0,2208.985917,3537.273494,0.0,1641.682022,115983.5,0.0,0.9640393812807619,0.0,0.6771033224411073,0.9325003343253627,0.4829334204960532,0.47352884908042847
2020-10-18,14060.05213,0.0,0.0,3223.639438,0.0,8215.30662,1611.828234,133681.2,0.9344449065395221,0.7129700611788886,0.0,0.753704607037662,0.6235658024804089,0.9437376421357756,0.4689559948700273
2020-10-25,13322.51759,14461.82632,9267.803205,0.0,4829.178111,8315.625527,3720.832981,144281.4,0.9310659473569955,0.9702842667154251,0.9189274460888109,0.0,0.9501472484305201,0.9467169647499494,0.6708964864838178
2020-11-01,0.0,11244.5084,7910.340394,0.0,3537.216126,0.0,2280.437958,111728.4,0.0,0.9657689528534427,0.906318251458932,0.0,0.9414388604763132,0.469918034224661,0.5554367678679129
2020-11-08,0.0,0.0,0.0,0.0,0.0,0.0,0.0,63405.6,0.0,0.7233093199010748,0.0,0.0,0.65842925234674,0.04044818325799172,0.0
2020-11-15,0.0,0.0,0.0,1276.15208,0.0,0.0,638.0760399,80953.8,0.0,0.17792002962678097,0.0,0.547805352542436,0.165710108628382,0.0,0.2590325715830023
2020-11-22,0.0,0.0,7093.56714,1240.900281,0.0,0.0,1889.296564,92686.6,0.0,0.0,0.8966463250101881,0.5408574670922797,0.0,0.0,0.5086240281688232
2020-11-29,0.0,0.0,0.0,0.0,0.0,0.0,0.0,45323.3,0.0,0.0,0.0,0.0,0.0,0.0,0.0
2020-12-06,0.0,0.0,9417.46947,1383.775862,0.0,6066.159761,3496.745267,109826.2,0.0,0.0,0.9201129546629238,0.567773750647371,0.0,0.9251074799109904,0.6570392107871249
2020-12-13,0.0,0.0,0.0,2129.987458,0.0,0.0,1008.778784,84476.4,0.0,0.0,0.0,0.6690904180586937,0.0,0.3813081147801914,0.35595493541010736
2020-12-20,0.0,0.0,7539.207439,0.0,0.0,5734.143338,1463.49831,76170.5,0.0,0.0,0.9021577917639524,0.0,0.0,0.9213040637775397,0.44500456080034445
2020-12-27,0.0,0.0,0.0,1137.529745,0.0,0.0,516.7042719,76100.2,0.0,0.0,0.0,0.5191948028393598,0.0,0.3681208168399299,0.22063158150175743
2021-01-03,0.0,0.0,0.0,997.9487307,0.0,0.0,498.9743654,78498.8,0.0,0.0,0.0,0.4864794384211638,0.0,0.028246226974960962,0.2146862610679747
2021-01-10,0.0,0.0,0.0,1311.634663,0.0,0.0,558.8220688,71046.1,0.0,0.0,0.0,0.5545895652063101,0.0,0.0,0.23440028460437784
2021-01-17,0.0,0.0,0.0,0.0,0.0,0.0,987.6134821,84474.0,0.0,0.0,0.0,0.0,0.0,0.0,0.3511088012798289
2021-01-24,0.0,0.0,0.0,0.0,0.0,0.0,721.6060053,78854.8,0.0,0.0,0.0,0.0,0.0,0.0,0.28333450013979966
2021-01-31,0.0,0.0,7253.389124,0.0,0.0,0.0,2617.615821,99924.2,0.0,0.0,0.8986929241476743,0.0,0.0,0.0,0.58917571499772
2021-02-07,0.0,0.0,7444.538388,0.0,0.0,6067.148986,2686.527754,113229.5,0.0,0.0,0.9010367056353022,0.0,0.0,0.9251187764749079,0.5954505879510784
2021-02-14,16364.60875,0.0,10125.7237,0.0,0.0,9401.227475,5658.230414,159772.7,0.9431519328363845,0.0,0.925283235778191,0.0,0.0,0.9518305628095945,0.7560983072619448
2021-02-21,15476.37129,13228.70309,0.0,2726.284817,4798.159501,8142.709867,1122.975551,142594.8,0.9400847289499046,0.9673815602202263,0.0,0.7212956872287236,0.9493396479320689,0.9461405277011565,0.3809016045059949
2021-02-28,0.0,11484.21997,7430.871738,2940.832964,0.0,0.0,3485.438674,128860.5,0.0,0.966095377401865,0.9008727373347358,0.7362660693526467,0.6920215353809933,0.4666508304511303,0.6563090354385469
2021-03-07,0.0,0.0,0.0,0.0,0.0,0.0,1472.433004,91318.6,0.0,0.7252901578069729,0.0,0.0,0.21224454005275095,0.03964044196378685,0.44650826723565507
2021-03-14,0.0,0.0,6950.878411,1652.984214,0.0,6287.798943,4383.311693,109533.9,0.0,0.18102632897329943,0.8947479735313559,0.6107676662201496,0.0,0.9275561289129463,0.7060132892128645
2021-03-21,0.0,0.0,0.0,1669.733555,0.0,0.0,638.8793243,85742.3,0.0,0.0,0.0,0.6131617232734301,0.0,0.38980920054253715,0.2592741225554259
2021-03-28,15168.61005,0.0,8822.850446,2505.880692,0.0,9438.045438,5345.957802,149580.5,0.9389433101097776,0.0,0.9151855819915037,0.7040373590614546,0.0,0.9506184631800682,0.745477495263576
2021-04-04,0.0,16677.10789,10839.38641,0.0,4164.390309,6391.030591,3365.503286,135432.1,0.0,0.9739505348842477,0.9298575160149944,0.0,0.9420763476263463,0.9332126364280157,0.648367821555448
2021-04-11,14865.70462,0.0,0.0,0.0,0.0,8520.496768,1830.864119,138670.8,0.9377766234875455,0.7760003451803056,0.0,0.0,0.6610383066203082,0.9474993304918619,0.500770752950592
2021-04-18,0.0,13247.7026,9897.128235,0.0,4173.917215,7127.131408,4283.52,138549.2,0.0,0.9677638668302547,0.9236891843565381,0.0,0.9429717008691771,0.9390651995256426,0.7012107616770678
2021-04-25,0.0,0.0,0.0,2007.339684,0.0,0.0,1003.669842,108952.2,0.0,0.7334691632006732,0.0,0.6558305325418136,0.6615501315434015,0.43416459899984683,0.35479180093322304
2021-05-02,0.0,0.0,0.0,1282.629351,0.0,0.0,494.8177039,78544.0,0.0,0.20317632524415213,0.0,0.5490591733218837,0.18987446973662733,0.03486878328327561,0.21327927022574983
2021-05-09,0.0,0.0,0.0,1887.83627,0.0,0.0,943.922958,74055.4,0.0,0.0,0.0,0.64184690720258,0.0,0.0,0.34087086386857746
2021-05-16,0.0,0.0,6421.189002,0.0,0.0,0.0,2209.41349,77052.6,0.0,0.0,0.8870463441986604,0.0,0.0,0.0,0.5476108271184102
2021-05-23,0.0,0.0,7855.985497,2010.631305,0.0,6102.639384,2613.370487,108884.1,0.0,0.0,0.9057311781848432,0.6562002637625746,0.0,0.9255218207498851,0.5887827787545659
2021-05-30,0.0,0.0,0.0,1164.358039,0.0,0.0,582.1825654,77156.3,0.0,0.0,0.0,0.5250110669961805,0.0,0.3827235573353283,0.2418293405738478
2021-06-06,0.0,0.0,7576.636484,1832.587119,0.0,6164.125202,3888.607246,105817.2,0.0,0.0,0.9025940574054296,0.6349904951527389,0.0,0.9263779635971641,0.6805598903936267
2021-06-13,0.0,0.0,8016.903347,1772.386963,3392.961893,6222.548234,4122.308856,112185.8,0.0,0.0,0.907448246279703,0.6272144407159544,0.9298308471770854,0.9300561729428324,0.693111921061232
2021-06-20,14544.23175,0.0,0.0,2621.487855,3853.011002,8223.83163,1396.107744,127897.0,0.936488641972759,0.0,0.0,0.7133479056630287,0.9433007981336226,0.9456804139619248,0.4333940187567427
2021-06-27,0.0,11158.63018,0.0,1326.37852,3409.399095,0.0,704.2579913,99232.3,0.0,0.961562997979876,0.0,0.5573490709264589,0.9386892860697645,0.4644022923667456,0.2784193821941256
2021-07-04,0.0,0.0,0.0,0.0,0.0,0.0,2427.395245,97818.3,0.0,0.6986093949400289,0.0,0.0,0.6445051165848869,0.04001955550245109,0.5707994744093589
2021-07-11,12197.05028,0.0,0.0,0.0,0.0,7075.124136,914.0073081,115706.2,0.9251810537853498,0.17680143685937366,0.0,0.0,0.16068435203486559,0.9350944951604637,0.33367240422775635
2021-07-18,13803.53923,0.0,0.0,0.0,0.0,7551.310281,1372.44336,122945.4,0.9333079335299123,0.0,0.0,0.0,0.0,0.9415050408084316,0.42920084846549256
2021-07-25,0.0,13014.14243,0.0,1162.016005,0.0,0.0,1145.281694,97459.0,0.0,0.9668616096710804,0.0,0.5245089354948026,0.0,0.44538961399221466,0.385550536066339
2021-08-01,0.0,0.0,7698.337301,2366.34938,0.0,0.0,4718.478772,119184.1,0.0,0.7299774374402895,0.9039860718778883,0.6919616748723967,0.0,0.036867526886169726,0.72107121693994
2021-08-08,0.0,0.0,7021.523533,1673.722517,0.0,5909.438545,2869.860962,109834.0,0.0,0.20031180431799628,0.8956964840675264,0.6137275474465744,0.0,0.9232736862175862,0.6112473786946835
2021-08-15,12035.72938,0.0,0.0,0.0,3519.762547,6680.478226,0.0,89447.4,0.9242541786497791,0.0,0.0,0.0,0.9321872934362487,0.9342269280509993,0.0
2021-08-22,18164.39087,12513.84607,0.0,3414.316127,0.0,8429.301658,1707.158063,131314.9,0.9484944953469701,0.9655823542553754,0.0,0.7642161476082873,0.6224001876801732,0.9470148055516765,0.4832874778920124
2021-08-29,14159.23954,12451.42384,0.0,3275.084482,4305.628266,8685.538107,1304.891652,146694.0,0.9348742217212669,0.9682684617366009,0.0,0.7566318714645974,0.9444856369761101,0.9489184904380643,0.4168823242390899
2021-09-05,15870.62214,12147.8768,0.0,2183.057113,4410.60634,8008.928899,1091.528556,138433.3,0.9414860256302184,0.9678060689943955,0.0,0.6745164589311196,0.9505978493416506,0.9451564365426213,0.37422679903920636
2021-09-12,0.0,12675.05267,8795.680572,0.0,0.0,6419.741583,3482.725272,140245.3,0.0,0.9689241965757619,0.9149458735851607,0.0,0.697635035925139,0.9330216083304452,0.6561333421605097
2021-09-19,13329.98214,0.0,0.0,2505.05568,3756.298617,7631.781447,1820.388546,133157.9,0.9311018895923265,0.7413862268944859,0.0,0.7039687418362445,0.9371778885026918,0.9419730288664842,0.49933623233556224
2021-09-26,0.0,11623.44129,7549.779916,0.0,0.0,0.0,2173.509112,102372.4,0.0,0.9633734794351422,0.9022814180198788,0.0,0.6375598667507661,0.44687851414030805,0.5435488569331445
2021-10-03,0.0,0.0,0.0,1422.82151,0.0,0.0,850.6948294,90301.7,0.0,0.7071319922824805,0.0,0.5745891414741102,0.174185844202275,0.03724577556263661,0.3179070586773546
2021-10-10,15872.81096,0.0,7939.661289,2518.88,0.0,8688.287477,5195.985757,159041.1,0.9414936224737935,0.18281967415929187,0.9066319129749599,0.7051143429306798,0.0,0.9465008453327123,0.7400409339226572
2021-10-17,0.0,13057.23109,7878.190161,1905.701646,4053.967907,6051.443745,2622.642683,128392.9,0.0,0.966967353521155,0.9059718917412037,0.6440092176221636,0.9405923463899425,0.9296033438217942,0.5896400173632459
2021-10-24,0.0,0.0,0.0,0.0,0.0,0.0,994.9269219,90634.5,0.0,0.7306284787537523,0.0,0.0,0.6549909883075434,0.39717658617775303,0.3527915550508748
2021-10-31,0.0,0.0,0.0,1088.82755,0.0,0.0,544.4166887,72502.1,0.0,0.20084181756728225,0.0,0.5082641015945576,0.18542970212025223,0.029762720242131366,0.22974610421949143
